iter	Logloss
0	0.1145756209
1	0.08912058246
2	0.06775242645
